,0,1,2,3,4,5,6,label
0,0.9823563673544536,-0.6076142188692114,-0.1062790526995956,-0.32287636545114795,0.700925171752839,-1.4086123778922075,2.5087101999208166,rice
1,1.3037872873480745,-0.823024622182328,-0.8235119792356196,0.015821638801544493,0.4047095889015779,-0.5934133723261709,-0.8046095326422925,cotton
2,1.4912886573443533,-0.5358107510981726,-1.0147740929785594,-0.21315239003371295,0.5815069165905915,-0.3931886578355106,-0.7032638470466389,cotton
3,1.1162859173517956,-0.8948280899533668,-0.1062790526995956,0.020068855373093077,0.26016692552610543,-0.41432104064542735,1.099308524493127,jute
4,0.23235088736933826,-0.32040034778505594,0.03716753260760921,0.19384897550636226,0.7728055133754256,-0.8533372800421527,1.0426880543047128,rice
5,-0.6247982326136508,1.1874724754067603,1.9019731416012717,-1.7293448623555718,-2.0245850835641224,1.0416083707542907,-0.46626292125004143,chickpea
6,-1.2408741626014241,-1.1820419610375223,-0.5844343370569449,2.503042267899179,-0.5340599720483767,-1.6189410404951123,-0.24534865875471978,mango
7,1.0627140973528588,-0.32040034778505594,-0.15409458113533053,0.043159650461618966,0.43533444669036003,0.8178968392113857,1.070723871525752,jute
8,0.8216409073576432,0.6848482010094882,0.22842964635054896,0.4003648711417628,0.30706978054170153,0.4112689574809102,0.900836796263329,jute
9,0.4198522573656171,-0.10498994447193932,0.32406070322201885,0.12598348403308776,0.9072470752456178,-0.8216087859239893,1.0824684272178362,jute
10,-1.4551614425971715,-0.823024622182328,-0.7756964507998847,0.5647668368536745,0.8188679668002106,0.4289351730192453,-1.0850462666891443,mungbean
11,-0.16943776262268784,0.6130447332384493,2.2366818406514164,-1.2102804050062903,-2.017897729030525,0.18126502522210403,-0.4170277420644943,chickpea
12,-0.571226412614714,-0.6794176866402503,-0.29754116644253537,1.5716148924541953,-0.7877331342496011,-1.5910047325325285,-0.37420951055350626,mango
13,0.04484951737305941,0.5412412654674105,0.32406070322201885,-0.904590533474586,0.707921481847069,-0.9346509575561331,2.5433504562724134,rice
14,1.1162859173517956,0.756651668780527,0.13279858947907908,-0.4862232603524742,0.8880902678904403,-0.019227673808262347,0.6537369399803901,jute
15,0.5002099873640223,0.32583086215429385,0.13279858947907908,-0.31638635972339724,0.7132543162032813,-0.7301138014296867,0.7594340103116665,jute
16,-0.571226412614714,0.11042045884117728,-0.6322498654926799,1.1111758039878583,0.8078154541051698,-0.3272835994739168,-1.1209109922476388,mungbean
17,0.7948549973581748,0.32583086215429385,0.03716753260760921,-0.307336237373779,0.8955518445762769,0.26113127906517114,0.5650147441670237,jute
18,0.23235088736933826,0.756651668780527,0.03716753260760921,0.013504121209808841,0.5976972972565551,-1.545106605730065,1.5392521444012437,rice
19,1.785933667338506,-0.6076142188692114,-0.8235119792356196,-0.04603280045321236,0.6637401366936735,1.621463180345448,-0.3227004113643513,cotton
20,0.23235088736933826,-0.10498994447193932,0.2762451747862839,0.3789750941236767,0.5051127818449761,0.5309681445842218,0.5539872014409724,jute
21,-1.4551614425971715,0.8284551365515659,-0.6322498654926799,0.5828433806971794,0.6530532291017042,-0.5657229427521234,-0.9239699351055055,mungbean
22,-0.06229412262481422,1.4028828787198768,1.9019731416012717,-1.813238237033106,-1.9278384422044414,2.002333976216936,-0.5787106039849982,chickpea
23,-0.7319418726115244,2.264524491972343,1.7585265562940668,-1.518009865396849,-1.9520068990340744,1.9382835137877834,-0.4014067405292021,chickpea
24,0.6341395373613644,-0.10498994447193932,0.13279858947907908,-0.4504433171749265,0.5681138765996157,-0.11681407409546891,1.050962697690098,jute
25,1.9466491273353166,-0.6794176866402503,-0.9191430361070895,-0.3217304464949316,0.4053768850177353,0.17774238091241476,-0.39063771064891,cotton
26,2.027006857333722,0.6130447332384493,-0.9669585645428245,-0.33590071203403943,0.7312558365355868,0.021918271140031552,-0.6805973711442518,cotton
27,1.7323618473395692,0.18222392661221615,-1.0625896214142942,-0.5158057532406423,0.399637534352207,-0.22271300128326865,-0.685317723670329,cotton
28,-0.6515841426131191,-0.8948280899533668,-0.8235119792356196,0.7629752803995918,0.682085678599963,0.013198942945966319,-0.8709125155306372,mungbean
29,1.8127195773379745,-0.6794176866402503,-0.7278809223641498,0.03239548298387113,0.7199284889801145,-0.6295569408880441,-0.4206817538838854,cotton
30,-0.4105109526179035,2.264524491972343,1.9497886700370066,-1.3788304731122452,-1.838330885082583,1.4342298178917525,-0.5425163983691992,chickpea
31,-0.839085512609398,0.6130447332384493,-0.8713275076713546,0.9445464175878379,0.8577177639988376,-0.32312648077132206,-0.9698718465893285,mungbean
32,-0.7319418726115244,2.192721024201304,1.8063420847298017,-1.8137915326925527,-1.9958578910739655,2.337249750433999,-0.40766830314551605,chickpea
33,0.6877113573603012,-0.5358107510981726,0.18061411791481402,0.25056832256673556,0.313347863548129,0.03838486587192059,1.041737716302729,jute
34,0.9287845473555169,-0.033186476700900455,-0.05846352426386066,-0.8750134627999869,0.6608624523149579,-0.2198122159203069,2.667605903858391,rice
35,2.187722317330532,-0.5358107510981726,-1.0147740929785594,-0.5920041821551184,0.46048058365239886,-0.8455928343808948,-0.5826869138247331,cotton
36,-0.3837250426184351,0.8284551365515659,1.9019731416012717,-1.0783935605643085,-1.8037636532165409,1.1712423521319921,-0.47504972902279363,chickpea
37,-0.5444405026152456,-0.823024622182328,-0.8235119792356196,0.6644550627840864,0.7694619653027426,-0.14887281208196318,-1.1993560773297463,mungbean
38,-0.5980123226141824,-0.32040034778505594,-0.7756964507998847,0.6164221160818542,0.8597679903356735,-0.3596672447063374,-0.8681535032797283,mungbean
39,-1.294445982600361,0.8284551365515659,-0.7756964507998847,0.8017842858376514,0.8529686282626652,0.6099177249609277,-1.1870656540835856,mungbean
40,1.9734350373347849,-0.46400728332713365,-0.7756964507998847,-0.22141258023280064,0.6167225023016628,1.4394437511577756,-0.391199916060758,cotton
41,0.9287845473555169,0.6130447332384493,0.18061411791481402,-0.3243135245797712,0.6642531101415923,0.8974212453559093,1.1668388322566425,rice
42,-1.106944612604082,0.32583086215429385,-1.0147740929785594,0.6298560388565565,0.8314633931836249,-0.3912121678764859,-1.072489125425494,mungbean
43,0.8752127273565801,0.39763432992533276,0.08498306104334415,0.3084348185347432,0.6322734543981826,-1.6304726154982172,2.2015837946907575,rice
44,0.20556497736986987,0.756651668780527,-0.15409458113533053,-0.3937162515177017,0.554926844045741,0.8200072233173149,1.020448085690724,jute
45,-0.9730150626067401,-2.1154870420610274,-0.2497256380068004,1.2291500968151603,-0.5127279932034332,-0.06625888519400991,-0.3390040804489625,mango
46,2.05379276733319,-0.32040034778505594,-1.0625896214142942,-0.41374484201320716,0.6446568204122106,0.058865252695226314,-0.44558750862559704,cotton
47,-1.428375532597703,-1.1102384932664835,-0.2497256380068004,1.6820906881171658,-0.5084279429410031,-1.0523752575862952,-0.347288147420572,mango
48,-0.9194432426078033,-0.3922038155560948,-0.7278809223641498,0.7107113150409108,0.6695329511686314,-0.3113372690849544,-1.0818959649251327,mungbean
49,-0.16943776262268784,1.4746863464909157,1.9019731416012717,-1.834428340088539,-1.9182452314566694,0.28182871765330686,-0.4561864774024575,chickpea
50,0.7144972673597696,0.32583086215429385,0.32406070322201885,0.2577958583530333,0.6698426862465947,0.6967729790345499,2.2152879660344165,rice
51,1.1698577373507326,-0.7512211544112891,-0.6322498654926799,0.02107870947261473,0.4937818235810575,-0.9698669907575506,-0.6529807986515327,cotton
52,0.2591367973688067,0.756651668780527,-0.010647995828125725,-0.47438808720223274,0.6962052892840354,-0.42756660582425704,1.5555283074735375,rice
53,-0.9462291526072717,-1.6846662354347943,-0.29754116644253537,0.6863247531000841,-0.762494845281208,-1.3209711627833258,-0.34825135393957085,mango
54,-0.4908686826163087,0.254027394383255,-1.0147740929785594,0.8140724342169015,0.8184240613576212,0.23631334505787763,-0.9925424383988732,mungbean
55,1.6787900273406322,-0.033186476700900455,-1.0625896214142942,-0.3839389008413491,0.5483148094838782,1.3285007497609482,-0.6579076262934844,cotton
56,-0.5980123226141824,-2.0436835742899886,-0.29754116644253537,0.4458559846039858,-0.5828527482338302,-2.1916313351184606,-0.3620948659986538,mango
57,-0.5176545926157772,-0.7512211544112891,-0.6322498654926799,1.9206459247405192,-0.7845528119618743,0.3536098037017725,-0.2740784642419078,mango
58,-0.8122996026099296,-0.17679341224297818,-0.7278809223641498,1.0485330132715769,0.5880010149286979,-0.2338458058816131,-0.8921126894241778,mungbean
59,-1.2408741626014241,-1.4692558321216778,-0.5844343370569449,0.916677223325494,-0.7863464947926511,-1.710358393909281,-0.3046002935536189,mango
60,-1.3480178025992977,-0.17679341224297818,-0.9669585645428245,0.6409516580975566,0.7906717197872248,0.4267702869952437,-1.0932244231371822,mungbean
61,0.8484268173571117,-0.5358107510981726,0.03716753260760921,0.11871747138510987,0.6498492818991501,-0.06007986396479251,1.1202531247091234,jute
62,-0.7319418726115244,-1.3256488965796,-0.5844343370569449,0.7104794300962464,-0.713575004209658,-2.0888563261491804,-0.2817811019120103,mango
63,-1.2408741626014241,-0.7512211544112891,-0.3931722233140052,1.3915874675267974,-0.7133068807164553,-2.693621083753156,-0.39314531394936314,mango
64,0.23235088736933826,-0.46400728332713365,0.08498306104334415,0.14765478010467226,0.8854811948957232,0.8345979971729887,0.5346297952248313,jute
65,0.3662804373666803,-0.3922038155560948,0.22842964635054896,0.3180179269414076,0.6119627532589752,-0.40665374114701175,0.9613892236819873,jute
66,0.47342407736455394,0.9002586043226048,0.03716753260760921,-1.22765859949796,0.5899428040737748,0.11684043960725682,1.3675688901130483,rice
67,0.7144972673597696,0.39763432992533276,-0.010647995828125725,-0.07701585015855787,0.3325085229851402,-0.10880782880564023,0.5536763866721067,jute
68,0.4466381673650855,0.4694377976963716,-0.1062790526995956,0.25331675683682037,0.7569825678976363,0.44311045125498105,2.0955585279091387,rice
69,0.8216409073576432,-0.46400728332713365,-0.010647995828125725,-0.49702733371059954,0.36580075177259835,-0.41680673174297067,1.2374113197772676,jute
70,-0.5176545926157772,2.0491140886592265,1.8063420847298017,-1.2459158134882895,-1.9731462777443054,1.8509713714023415,-0.7076268296415044,chickpea
71,-1.5355191725955766,-0.8948280899533668,-0.20191010957106548,1.3195358612881252,-0.741662257289319,-0.5071478701037669,-0.36446446681538475,mango
72,0.04484951737305941,-0.7512211544112891,0.03716753260760921,0.3235579575339159,0.6925812803725439,-0.8109022932599852,0.6630434700016329,jute
73,0.6609254473608328,0.9002586043226048,-0.1062790526995956,0.08799487988885825,0.5819235262644072,0.2912409318831399,1.2522747069831248,rice
74,0.7948549973581748,0.5412412654674105,0.32406070322201885,-0.13988994994629522,0.5925493984407973,1.3375251149869354,2.0394273286861915,rice
75,-0.8658714226088664,2.336327959743382,2.141050783779946,-1.9292354457580747,-1.9504962079014185,1.0820662965651666,-0.6755890192783917,chickpea
76,-0.9730150626067401,1.1874724754067603,2.0932352553442115,-1.359344172699343,-1.9098605776511013,-0.25313441793620595,-0.4344207127027788,chickpea
77,-0.9998009726062085,-1.1820419610375223,-0.29754116644253537,2.407824891672195,-0.5544485624009569,-1.7971367575727835,-0.392993564338712,mango
78,-0.571226412614714,1.331079410948838,2.2366818406514164,-1.017609830750971,-1.840995925838844,-0.27576730070359423,-0.5749866894666997,chickpea
79,-0.7319418726115244,-1.9718801065189497,-0.3931722233140052,1.647466842395522,-0.4520870529623023,-0.5905870755767225,-0.3693096196060806,mango
80,0.7948549973581748,0.18222392661221615,0.08498306104334415,0.09631328541851578,0.5742635438203698,0.4784170892897428,0.9757772193691802,jute
81,0.6877113573603012,-0.5358107510981726,0.22842964635054896,-0.05075354358072744,0.905846994060894,0.7018155174611403,0.7846438218340132,jute
82,-0.9730150626067401,-0.7512211544112891,-0.8713275076713546,0.5691796679239647,0.8331329444084925,-0.08637785923549376,-1.152605826521711,mungbean
83,0.5805677173624275,-0.32040034778505594,0.22842964635054896,-0.3408266200633855,0.3533250505458593,-0.8348483219222993,0.8326818002743404,jute
84,-0.9730150626067401,-1.397452364350639,-0.5844343370569449,0.579859938021991,-0.7922496877345062,-2.1856392969837306,-0.3549873048845069,mango
85,0.04484951737305941,-0.823024622182328,0.22842964635054896,-0.42527421701116525,0.6973874035738951,-1.7570373920146019,1.536114036456849,rice
86,-0.6515841426131191,0.8284551365515659,-0.7278809223641498,0.7906720966153227,0.704725834723461,0.3315261258502483,-0.8962822047355963,mungbean
87,0.04484951737305941,-0.32040034778505594,0.2762451747862839,-0.9968275833772745,0.6929997854209852,0.9398135302961196,2.7044733983873432,rice
88,0.9287845473555169,0.756651668780527,-0.010647995828125725,-1.0926246174594019,0.7254956996645349,0.3272162733942525,2.4238082797922376,rice
89,-0.8658714226088664,-0.7512211544112891,-0.3931722233140052,2.411113371778271,-0.632282202519202,-0.6429049426288973,-0.2871063905362964,mango
90,-0.7587277826109928,1.6182932820329934,1.9497886700370066,-1.1745719743797445,-1.799177603585316,0.80924939525781,-0.7003797311926387,chickpea
91,0.07163542737252782,0.32583086215429385,0.13279858947907908,-0.059019672620377,0.7301787157119408,0.26141818550804535,1.3112945309081359,rice
92,-0.6783700526125875,-1.3256488965796,-0.20191010957106548,1.4654548754522811,-0.6418712525437619,0.20133944764574735,-0.35279220778491427,mango
93,-0.9998009726062085,-0.6794176866402503,-0.8235119792356196,1.0734584147954622,0.8314814629493145,-0.04593294516090692,-1.1781372993215227,mungbean
94,-1.4015896225982345,-0.033186476700900455,-0.9669585645428245,0.9327740240965485,0.5872768255225524,0.052315569804784745,-1.139149336399337,mungbean
95,1.6787900273406322,-0.17679341224297818,-0.7756964507998847,-0.6555735552312258,0.6278920055116168,-0.2914202396722317,-0.7809657408143685,cotton
96,0.15199315737093305,-0.17679341224297818,0.22842964635054896,0.09575652978013018,0.7157999107671915,-1.4421900338305094,1.3872037632154166,rice
97,-0.571226412614714,0.5412412654674105,2.0932352553442115,-1.3673601594808038,-1.87623624282538,2.2155747026246475,-0.5693307562511492,chickpea
98,0.33949452736721186,0.4694377976963716,-0.15409458113533053,0.33504572983990666,0.21835851659627134,0.8066600128905801,1.229958586719081,jute
99,1.0895000073523273,0.4694377976963716,-0.05846352426386066,-0.9674348253067798,0.5894392065969947,-1.3662979835831628,1.220098148441615,rice
100,-1.2676600726008926,-0.10498994447193932,-0.6800653939284148,0.5751771669784053,0.9642199472269404,-0.27183788928520336,-0.8956432512667938,mungbean
101,-1.0533727926051453,0.5412412654674105,-0.8713275076713546,0.5231570637791546,0.8850245833206488,0.6474151939939056,-0.9223141769361279,mungbean
102,0.6609254473608328,0.756651668780527,0.32406070322201885,0.1254945913788749,0.715398207284925,-1.0111231309445232,1.9194970278021497,rice
103,-0.3301532226194983,2.0491140886592265,1.8541576131655368,-1.6565393646236986,-1.8104312891272332,0.37209052329209075,-0.4904495392098868,chickpea
104,0.3930663473661487,-0.32040034778505594,0.18061411791481402,0.321794835211372,0.49735005466416143,-0.45992003045402435,0.5674410471008122,jute
105,-1.0533727926051453,-1.9000766387479109,-0.20191010957106548,1.1352018337534053,-0.48458948349590114,-2.025363803477641,-0.2823748505063105,mango
106,0.2859227073682751,-0.10498994447193932,0.13279858947907908,-0.37550038427569205,0.5874983061808138,-2.1040305846482656,2.1791900432946076,rice
107,0.04484951737305941,0.5412412654674105,-0.1062790526995956,0.21381561578992192,0.5956396025897226,0.580422957396635,0.5050587162053733,jute
108,0.5269958973634907,-0.10498994447193932,0.18061411791481402,-0.5049539724605863,0.5152294618260417,0.5336075418019538,0.5757950139433454,jute
109,-0.8926573326083348,-1.828273170976872,-0.6322498654926799,1.9754495217498707,-0.7875549393577375,-0.8818945062372426,-0.3124880062419831,mango
110,-0.7587277826109928,-0.24859688001401706,-1.0625896214142942,1.067472492451375,0.6906037212743554,-0.29325582507432907,-0.9791501552671942,mungbean
111,1.8395054873374428,0.39763432992533276,-0.6800653939284148,-0.7134830686908071,0.424968570450845,-0.6913133697648922,-0.6890516571398619,cotton
112,-0.7319418726115244,0.756651668780527,-1.1104051498500294,0.4466040296807193,0.7727519229438918,0.5667262520117303,-0.9700550396587924,mungbean
113,-1.026586882605677,-0.17679341224297818,-0.7756964507998847,1.0339831761936331,0.9716377423417017,0.29200189752112177,-0.9189274979974407,mungbean
114,-0.9998009726062085,-1.9000766387479109,-0.3931722233140052,0.5859340400621986,-0.5548723262236728,-1.6080112719059596,-0.2370729511543786,mango
115,-1.5087332625961083,-0.033186476700900455,-1.1104051498500294,1.100287854578647,0.8132536716862596,-0.3450139557693185,-0.8675366499089495,mungbean
116,0.47342407736455394,-0.033186476700900455,0.18061411791481402,-1.2185862929957072,0.7064110392102945,-1.1835292369013095,2.1870322983760224,rice
117,-0.9730150626067401,-2.1154870420610274,-0.34535669487827025,1.3126146402811036,-0.6924954283279591,-0.9089723181473455,-0.39167489320537535,mango
118,-1.5087332625961083,-0.5358107510981726,-0.53661880862121,1.0692664891613262,-0.7078904164172115,-0.9107454378460971,-0.3959788784022272,mango
119,-1.2676600726008926,-1.4692558321216778,-0.3931722233140052,0.5855038888449436,-0.6677908950560678,-0.353512892219929,-0.39954219127406,mango
120,0.6341395373613644,-0.8948280899533668,-0.15409458113533053,0.06354241245879133,0.8520053961080682,0.791465627158665,0.8904703289837675,jute
121,0.23235088736933826,-0.033186476700900455,0.2762451747862839,0.3566585783357564,0.6468519835537946,1.5123825284933057,2.436597724892004,rice
122,-1.2140882526019556,-0.033186476700900455,-0.8713275076713546,0.9460580373591039,0.8902542689364313,-0.16390249559272085,-1.094895805917049,mungbean
123,2.027006857333722,0.32583086215429385,-0.9669585645428245,-0.298938944324315,0.4413202344395438,1.6721708206594323,-0.603835123367127,cotton
124,-1.1337305226035506,-0.8948280899533668,-0.34535669487827025,1.6709283386796183,-0.603235796099483,-1.7182031554107275,-0.3081773916557415,mango
125,-0.571226412614714,0.18222392661221615,-0.7278809223641498,1.049186401855998,0.9119632991269915,-0.1816677380788089,-0.9031812995355918,mungbean
126,0.8484268173571117,0.03861699107013841,0.32406070322201885,-0.27513514947997886,0.23245980901877444,-0.20863054609261142,0.5498053650506657,jute
127,-0.43729686261737194,1.905507153117149,2.141050783779946,-1.4142032454942968,-2.0243025888577613,1.103157624732589,-0.7578930554028792,chickpea
128,-0.3837250426184351,1.905507153117149,2.2366818406514164,-1.1942247613956696,-1.812337943803884,0.6035825109860393,-0.5721395402727131,chickpea
129,1.3573591073470113,-0.823024622182328,-0.9669585645428245,0.041437519410106496,0.4389706140937347,1.0771381441768146,-0.8065125509610516,cotton
130,-0.035508212625345814,0.9002586043226048,2.1888663122156813,-1.4508949950257228,-1.9063293158698547,-0.11037794667997174,-0.6133593974243177,chickpea
131,0.6341395373613644,0.03861699107013841,-0.1062790526995956,0.13455534012956313,0.6461821644922063,-0.4075327379325841,1.139258653831638,jute
132,0.4198522573656171,0.4694377976963716,-0.010647995828125725,0.10185499386382528,0.7134964833521592,0.56508244443462,1.498517084344736,rice
133,-0.8122996026099296,-0.7512211544112891,-0.4888032801854751,1.6371761280084336,-0.5901025882280349,-0.7293848985736221,-0.2689061308424186,mango
134,-0.5980123226141824,1.4028828787198768,1.8541576131655368,-1.6248188061884432,-1.8152419244281364,0.6062791436373295,-0.5572080677196424,chickpea
135,-1.4819473525966398,-2.1154870420610274,-0.34535669487827025,1.523242711405947,-0.6818626512899371,-0.3565883275720768,-0.3810711280191507,mango
136,-0.571226412614714,-0.823024622182328,-0.5844343370569449,1.8170250914878932,-0.5074955852124061,-2.5618576760866136,-0.3305520565427087,mango
137,0.5269958973634907,-0.32040034778505594,0.18061411791481402,-0.9247092256134168,0.6950173238658693,0.7720441882816503,1.125534231147154,rice
138,-1.294445982600361,0.8284551365515659,-1.1104051498500294,1.09123579843258,0.9443472659766304,-0.44307511540636285,-0.860795190498097,mungbean
139,1.9466491273353166,0.11042045884117728,-0.7756964507998847,0.06463598856923966,0.5751993100577409,0.8013952316785512,-0.7388532947272084,cotton
140,-0.6515841426131191,-0.17679341224297818,-0.8235119792356196,0.7020989534923652,0.6793119066512434,-0.4894453541381545,-1.1860991574286983,mungbean
141,-0.571226412614714,-1.2538454288085612,-0.20191010957106548,0.5482256586642885,-0.4670455350881932,0.15677227953551084,-0.25817847183480364,mango
142,0.3662804373666803,-0.46400728332713365,-0.1062790526995956,0.3039680189025519,0.8469415106629029,-0.7698640771825275,0.5399989367985225,jute
143,-1.3212318925998294,0.03861699107013841,-0.7756964507998847,0.6031320597053988,0.8571169990932864,-0.3431521329233072,-1.0000919187177577,mungbean
144,-1.5087332625961083,-0.823024622182328,-0.34535669487827025,1.3452476662579942,-0.612500321584282,-1.1929687622300515,-0.3709831119130202,mango
145,1.5984322973422271,-0.24859688001401706,-0.7278809223641498,-0.7444065475121894,0.6881257907931919,0.022453037421993133,-0.738779197384121,cotton
146,-1.4015896225982345,-0.7512211544112891,-1.0147740929785594,0.6779739943974992,0.5900339351894117,0.109818866355439,-1.1692255689366422,mungbean
147,0.4198522573656171,-0.5358107510981726,0.08498306104334415,-0.02069150709102706,0.6996601722161989,-0.3642533063044503,0.7834835313379719,jute
148,1.3841450173464798,-0.6076142188692114,-0.6322498654926799,-0.6208098244569628,0.47103213696306684,0.6771609904520582,-0.6186408712025593,cotton
149,-0.8658714226088664,-0.8948280899533668,-0.34535669487827025,1.9481244802711213,-0.489825274275587,-1.689487209329206,-0.2775752839214061,mango
150,-1.3212318925998294,0.03861699107013841,-0.8713275076713546,1.0519465668765953,0.745613583037288,-0.37525755591049914,-0.9020458129877679,mungbean
151,0.23235088736933826,-0.17679341224297818,-0.010647995828125725,-0.5919476138693165,0.6620751395119296,0.7931554600970266,2.146105240545755,rice
152,-1.5355191725955766,0.8284551365515659,-0.7278809223641498,0.5315074243471765,0.8601517554226834,0.6462723616868046,-1.0852874073792673,mungbean
153,-0.4105109526179035,1.331079410948838,1.9497886700370066,-1.365838425195764,-1.9869106695034224,1.649289923588443,-0.626834899486407,chickpea
154,1.652004117341164,0.03861699107013841,-1.0625896214142942,-0.6553092199498424,0.3945544605141983,0.9913777219290077,-0.6674877647891634,cotton
155,-0.839085512609398,-0.5358107510981726,-0.6800653939284148,0.6196030571986911,0.9717242521462216,0.4925969609456649,-0.9504067163677938,mungbean
156,-0.9462291526072717,-0.6076142188692114,-0.7756964507998847,0.955227659323785,0.6545108196720923,0.24167702154299184,-1.1114741960644594,mungbean
157,0.17877906737040145,-0.6076142188692114,0.32406070322201885,-0.3691477491912084,0.2157052880995771,0.11907038051439214,1.0085982099283177,jute
158,-0.16943776262268784,0.9002586043226048,1.9497886700370066,-1.3679571575180673,-1.8678258297311368,2.1602606658389005,-0.6112645322568286,chickpea
159,-1.1873023426024873,-1.3256488965796,-0.29754116644253537,2.4671389172262472,-0.6516375224699811,0.34002907964436757,-0.28548431410048786,mango
160,1.9466491273353166,-0.8948280899533668,-0.9669585645428245,-0.1740921948643889,0.6649823034950272,0.4858502433722979,-0.7839540651922171,cotton
161,-0.5980123226141824,-1.6128627676637555,-0.2497256380068004,0.6536489418767807,-0.47912634510188407,-1.424835950562997,-0.2543000417888576,mango
162,0.33949452736721186,0.6130447332384493,-0.05846352426386066,-0.48275538744796415,0.8218686439772837,-0.23100073536300136,0.8841721158462609,jute
163,1.5984322973422271,0.18222392661221615,-0.9191430361070895,-0.5378842035187795,0.6686693290623389,-0.3964727696838749,-0.7474299215345797,cotton
164,-0.6247982326136508,1.331079410948838,2.0454197269084764,-1.3874818968750717,-1.9651794760919528,-0.6782670119010286,-0.46813220633615815,chickpea
165,1.8127195773379745,0.18222392661221615,-0.9191430361070895,-0.1258788695067093,0.6448703412884323,-0.057270454491649345,-0.5673089224256963,cotton
166,1.1162859173517956,-0.10498994447193932,-0.9669585645428245,-0.24643505312471023,0.4195681479851494,-0.30673486336854383,-0.7087732546818214,cotton
167,0.5269958973634907,-0.3922038155560948,0.18061411791481402,-1.2075716159332395,0.639686166031145,1.2085156766934468,2.173340732398044,rice
168,1.330573197347543,-0.6794176866402503,-0.6800653939284148,-0.43024939656250993,0.43525069091661156,0.9726966884500606,-0.5637806089790418,cotton
169,0.2859227073682751,-0.033186476700900455,0.08498306104334415,0.034478361866883155,0.4274158306841523,-0.6885320513098522,0.9991282001173081,jute
170,-0.19622367262215626,1.761900217575071,1.7585265562940668,-1.5018237450325023,-1.9960463775730608,0.5447638085473419,-0.5445898756440579,chickpea
171,-1.0801587026046138,-2.0436835742899886,-0.53661880862121,0.599440733777502,-0.5180678040419046,-2.4075833429843954,-0.33620028841416855,mango
172,-1.3748037125987662,-2.1872905098320663,-0.5844343370569449,2.2908206347484326,-0.6601189832270169,-0.3284648554623352,-0.37313357792113916,mango
173,-1.1873023426024873,0.03861699107013841,-0.8235119792356196,0.9527385007083474,0.7661487337274115,0.40171645528610905,-0.9416841864341726,mungbean
174,-1.5355191725955766,0.03861699107013841,-0.6800653939284148,0.9764266967083965,0.7979579699675571,-0.5585025837975011,-0.8582733938446395,mungbean
175,-0.27658140262056147,1.2592759431777991,1.9019731416012717,-1.8457357432184767,-2.022005388480409,1.5030810995059554,-0.6490566092974185,chickpea
176,-0.4908686826163087,-1.6846662354347943,-0.6322498654926799,0.8247578397768183,-0.5934774705232342,-1.5559743441551643,-0.3096691721613627,mango
177,-0.6783700526125875,1.9773106208881879,2.1888663122156813,-1.3658942825269889,-1.8483017878046817,0.6875721558248813,-0.7127401090833039,chickpea
178,1.0359281873533905,-0.823024622182328,0.32406070322201885,-0.7102533489804774,0.6497311213168528,0.3356779914932093,2.401988265283979,rice
179,1.8127195773379745,-0.10498994447193932,-0.6322498654926799,-0.18656994534979215,0.6433718355548572,0.1057213975440359,-0.8320749671130673,cotton
180,0.6073536273618959,0.39763432992533276,0.18061411791481402,-0.3673230510927963,0.6171640727535072,-1.8942584399697688,1.7414950589823175,rice
181,-1.4819473525966398,-1.397452364350639,-0.2497256380068004,1.2113480975607565,-0.6549387657018813,-1.1634299292313148,-0.33149137136152657,mango
182,-0.22300958262162465,0.6130447332384493,1.8063420847298017,-1.0026160404575937,-1.8035167179540432,1.6366256463650366,-0.6428846122025247,chickpea
183,-1.1605164326030188,-1.4692558321216778,-0.4888032801854751,2.0329147478453677,-0.7640865175807491,-2.7429263571889955,-0.38511906533022777,mango
184,-0.839085512609398,2.264524491972343,2.0932352553442115,-1.9337837255244272,-1.8953133807395357,-0.4645983364883317,-0.6821167018680422,chickpea
185,1.0359281873533905,0.18222392661221615,0.13279858947907908,-0.16506290111401284,0.5977470609306763,0.50264715667257,2.136816013320124,rice
186,1.0895000073523273,-0.46400728332713365,-0.1062790526995956,-0.18193763075249964,0.6849331177062608,0.081911371089433,0.980293125485656,rice
187,1.5984322973422271,-0.17679341224297818,-0.7278809223641498,-0.4396768248757141,0.474567642167588,1.6506112700298265,-0.6701022175038093,cotton
188,-0.571226412614714,-0.823024622182328,-0.53661880862121,0.5515193050402877,-0.6936557347301898,-0.9664439127553194,-0.39140262757671995,mango
189,0.23235088736933826,0.8284551365515659,0.13279858947907908,-0.7768534052935322,0.6147166463286876,-0.8373039076325253,1.438641728341982,rice
190,0.8216409073576432,0.756651668780527,-0.15409458113533053,-0.29367686379332886,0.6589034809460048,-0.7306902288172782,0.7495298514046697,jute
191,0.4198522573656171,-0.8948280899533668,0.08498306104334415,0.299870474858292,0.5824486130950846,0.38799005852943136,1.8778416346517652,rice
192,-0.8658714226088664,-1.6846662354347943,-0.20191010957106548,1.4328272053331996,-0.5223395803798042,0.17387969436647224,-0.4012147917242139,mango
193,1.330573197347543,0.9002586043226048,-1.0147740929785594,-0.5848034327674133,0.4478857563498161,-0.1456700511231358,-0.28181558887675584,cotton
194,0.7948549973581748,-0.10498994447193932,0.18061411791481402,-0.6025455340987494,0.7132342133614274,-0.0873142598462655,1.15449008080274,rice
195,0.3930663473661487,0.6848482010094882,0.13279858947907908,-0.8956130991208663,0.7718039368820555,-1.075234304258833,2.314507430820107,rice
196,1.4109309273459483,0.39763432992533276,-0.9191430361070895,-0.29892776100882695,0.49813684366457095,-0.3221217460717143,-0.4773113940330294,cotton
197,-0.8122996026099296,0.756651668780527,2.0454197269084764,-1.8368055138787875,-1.934767735175741,-0.6248583772123433,-0.34753887854796345,chickpea
198,-1.0801587026046138,-1.9718801065189497,-0.5844343370569449,1.5260658053859575,-0.5323172071313421,-1.5675818549270393,-0.39769986163646737,mango
199,1.8930773073363798,-0.32040034778505594,-1.0625896214142942,0.07693266840340694,0.4911300797285368,0.07362764295828703,-0.5673098016309753,cotton
200,1.464502747344885,-0.7512211544112891,-0.8713275076713546,-0.04567575669505627,0.5383415654399303,0.9109413876706188,-0.2917155549256682,cotton
201,1.6787900273406322,-0.823024622182328,-0.6800653939284148,-0.3699726508275078,0.6430961788378295,0.858981464279179,-0.2579566703863103,cotton
202,0.9823563673544536,0.5412412654674105,0.18061411791481402,0.3719714379335115,0.6611808392439004,-0.9157668614798423,1.1408298295358912,rice
203,-1.2676600726008926,-0.9666315577244057,-0.29754116644253537,0.9283433551759336,-0.6342524927172082,0.19972803330332983,-0.28500750174322625,mango
204,1.9466491273353166,0.6130447332384493,-0.8713275076713546,-0.7625149847779955,0.6489488990217784,1.3783949710728622,-0.36411815876606424,cotton
205,-0.7855136926104612,-0.823024622182328,-0.6322498654926799,0.7250258427429805,0.9101242729206203,0.5777506680997911,-1.0141012129919433,mungbean
206,-1.026586882605677,2.264524491972343,1.8541576131655368,-1.5820760748596367,-1.9552536642926281,1.2340931886902877,-0.6009364989143495,chickpea
207,-0.6247982326136508,-0.46400728332713365,-0.9669585645428245,0.824680644328904,0.639177066823928,0.039315027129142525,-0.8458547517479711,mungbean
208,0.5002099873640223,0.5412412654674105,0.22842964635054896,0.0648575006866329,0.4178997553525376,-0.013163726110991033,1.1462890900227798,jute
209,-1.0533727926051453,0.39763432992533276,-0.7756964507998847,0.6252309807356413,0.5940405327894245,0.22654138930163553,-1.0994819633186452,mungbean
210,-0.8926573326083348,1.4746863464909157,1.8541576131655368,-1.2162852861390856,-1.991365923249105,1.3009076834758548,-0.46067748520536084,chickpea
211,0.018063607373591,0.9002586043226048,2.1888663122156813,-1.4682364213165444,-1.8507180651918125,1.2876337272126088,-0.32730275301954626,chickpea
212,0.2859227073682751,0.5412412654674105,-0.010647995828125725,-0.5964674910003392,0.6806223433429739,-1.2321087664070411,2.3014561367467463,rice
213,-0.5176545926157772,-0.7512211544112891,-1.1104051498500294,0.8938062293236813,0.7261153391775271,0.18711800477747756,-0.8462367127844099,mungbean
214,1.4109309273459483,-0.6076142188692114,-0.7756964507998847,-0.6214036089795408,0.5900673843967651,-0.6823425543478274,-0.41863122941858616,cotton
215,0.20556497736986987,0.9002586043226048,-0.010647995828125725,-0.7441262062734408,0.713503303930953,-0.3815782122378387,1.7122179578092347,rice
216,1.8395054873374428,-0.7512211544112891,-0.9669585645428245,-0.08273203159663163,0.4297954212949963,0.46479776682886464,-0.3687933472001425,cotton
217,-0.7855136926104612,-0.17679341224297818,-1.0625896214142942,0.7609810433331745,0.8893079519122087,-0.11467668148915046,-1.0951641698211096,mungbean
218,-1.2676600726008926,0.9002586043226048,-0.7278809223641498,0.5002998291182447,0.9126129164232064,0.4546020857858706,-0.9764276478218918,mungbean
219,-0.7855136926104612,-0.9666315577244057,-0.5844343370569449,2.0509400934799737,-0.4370256045109517,-0.5064446058250924,-0.407951560551833,mango
220,0.2591367973688067,0.6848482010094882,0.22842964635054896,0.20450359673311727,0.5912107262068621,-1.2243379718848404,0.9853941905677452,rice
221,0.12520724737146463,-0.24859688001401706,0.13279858947907908,-0.24948601278617843,0.7237270187639714,-1.3807943315078839,2.08875447033269,rice
222,-0.5444405026152456,-2.330897445374144,-0.3931722233140052,0.8751568622683604,-0.6845091011514101,-2.023804161336117,-0.2930187233495015,mango
223,0.8752127273565801,-0.823024622182328,0.32406070322201885,-0.18538957590464775,0.6732985212187058,-0.9157832942253205,2.251614178510602,rice
224,-0.7319418726115244,-0.5358107510981726,-0.7756964507998847,0.9913443034792061,0.8199549716661896,-0.39052030611771266,-0.9428365061834567,mungbean
225,-0.4908686826163087,-2.259093977603105,-0.15409458113533053,1.580173252262961,-0.649499829936043,-0.24031171076385852,-0.40345299741810764,mango
226,-0.8926573326083348,2.192721024201304,1.8063420847298017,-1.835521868802015,-1.9659170811100624,0.7026957423662227,-0.7401900927901726,chickpea
227,1.8930773073363798,-0.033186476700900455,-0.8713275076713546,-0.19281467174865735,0.6079738574291609,-0.49636619880034083,-0.2693342445744561,cotton
228,-0.9730150626067401,0.4694377976963716,-0.8713275076713546,0.7905243294462991,0.7201366707561644,0.020091349677940042,-1.1265324770483285,mungbean
229,-0.9730150626067401,1.761900217575071,2.2366818406514164,-1.5066745549299356,-1.9697888827531154,-0.3580321707048731,-0.4195758537025659,chickpea
230,-0.9194432426078033,-0.24859688001401706,-1.0147740929785594,1.0981764498281779,0.5775670872219363,-0.00959197348025186,-0.9828747249846863,mungbean
231,1.7323618473395692,-0.24859688001401706,-0.8235119792356196,0.13264175138045337,0.3785486663865137,1.2245238701209207,-0.37663070525550657,cotton
232,1.4377168373454166,0.11042045884117728,-0.6322498654926799,0.10992686641469478,0.4933322862246797,-0.2580583187520692,-0.7517332966311371,cotton
233,-0.5980123226141824,-0.32040034778505594,-0.8235119792356196,0.7435292816317812,0.7684643255697383,0.59061326003584,-0.9491556913511341,mungbean
234,-1.026586882605677,-0.17679341224297818,-1.0147740929785594,0.698832178829509,0.7224542996315959,0.12281045768579128,-1.1825960130378543,mungbean
235,1.3037872873480745,-0.17679341224297818,-0.6322498654926799,-0.506945199819296,0.7168698010729809,0.7011537104455846,-0.6676894973762069,cotton
236,0.4466381673650855,-0.6794176866402503,0.03716753260760921,-0.42158924701718176,0.7658592091200902,-0.580947097088069,2.489129866718629,rice
237,-0.9194432426078033,0.6130447332384493,2.2366818406514164,-1.665222165181834,-1.9003350816349172,-0.16214714817598533,-0.5367131682779095,chickpea
238,-0.9194432426078033,0.39763432992533276,-1.0147740929785594,0.8836627607389275,0.9354195331307348,-0.31992553540360424,-0.8787730889515304,mungbean
239,1.1698577373507326,0.39763432992533276,-0.8235119792356196,-0.5184278319236987,0.42226582044480343,0.3035128818978511,-0.3751246371803681,cotton
240,-0.5980123226141824,-0.6794176866402503,-1.1104051498500294,0.7436346308809239,0.8768348733458075,-0.44730706077186044,-0.8737686010045872,mungbean
241,-1.3748037125987662,-1.1820419610375223,-0.53661880862121,1.4462943367961698,-0.7061357502094433,-0.18971552292842134,-0.3278456217200659,mango
242,-0.5980123226141824,2.0491140886592265,1.7585265562940668,-1.6220513207055571,-1.931012468208026,2.6111864371830595,-0.6873401189249866,chickpea
243,0.47342407736455394,0.4694377976963716,0.32406070322201885,-0.22057908315567187,0.48239330963526567,-0.6296805049039397,1.016289187225852,jute
244,-1.4551614425971715,-1.9718801065189497,-0.6322498654926799,0.8784940143247416,-0.6923915455750181,-1.277965316932746,-0.24881126146750462,mango
245,0.33949452736721186,-0.10498994447193932,0.08498306104334415,-1.172019412835176,0.6602096002196686,0.7124978883386546,1.1200839651371584,rice
246,-0.8658714226088664,0.4694377976963716,-1.0147740929785594,0.7871865043529188,0.9306072778582828,-0.5081734131993954,-1.0003658125208752,mungbean
247,0.8216409073576432,0.4694377976963716,-0.010647995828125725,-0.16822573658763607,0.7160687120843466,0.014420816771483045,1.693013569331216,rice
248,-0.9730150626067401,1.4028828787198768,1.9019731416012717,-1.9100210048958233,-2.0185984153956187,-0.594898129564074,-0.6604577783962877,chickpea
249,0.07163542737252782,0.39763432992533276,0.22842964635054896,0.27904804670178185,0.6179816455659729,-0.4106605886657377,1.5876481381484533,rice
250,-0.6783700526125875,0.6848482010094882,-1.0147740929785594,0.6328969811680426,0.9211413840537344,0.13951971110733646,-0.8766949675319085,mungbean
251,-1.2140882526019556,0.6848482010094882,-0.6322498654926799,0.728651583111197,0.8217823114437101,0.23945704992762756,-0.985725577944402,mungbean
252,-0.6247982326136508,0.03861699107013841,-1.1104051498500294,0.4461101769334117,0.8710245145868947,0.38970873834914027,-0.9177959000761814,mungbean
253,-0.839085512609398,-1.9000766387479109,-0.3931722233140052,2.4091423734471116,-0.5124420864270519,-2.042064732274676,-0.37911602806233785,mango
254,-1.0801587026046138,-1.5410592998927166,-0.34535669487827025,1.750256925225534,-0.6999641397736864,-1.5895680454115533,-0.3810048671680116,mango
255,-0.7587277826109928,-0.7512211544112891,-0.6322498654926799,1.1056652282434514,0.581914783008097,0.5647779682861425,-0.9213863542992626,mungbean
256,-0.7587277826109928,-2.1872905098320663,-0.34535669487827025,1.416942539188675,-0.4328532249422493,0.16520183736264993,-0.3284990458331265,mango
257,-0.7319418726115244,0.03861699107013841,-1.0147740929785594,0.8661915567997164,0.8508758224733579,-0.10029694034660726,-0.9362509404214095,mungbean
258,0.9555704573549852,-0.7512211544112891,0.13279858947907908,-0.10955512492529726,0.8555704549117625,-0.2664105075823103,0.9297087500584873,jute
259,1.1698577373507326,-0.17679341224297818,-1.0625896214142942,-0.3719333948238269,0.4782187268419465,0.7853163403487077,-0.6221784242676501,cotton
260,0.5269958973634907,0.18222392661221615,0.22842964635054896,-0.024068778314159482,0.802729280399767,-0.41213541839325407,0.638109717327264,jute
261,0.8216409073576432,0.32583086215429385,0.32406070322201885,-0.07879179336196343,0.457957843982643,0.6754666311969473,1.1873067802685655,jute
262,-1.428375532597703,-2.259093977603105,-0.34535669487827025,2.5439867486398198,-0.6624676535113483,-2.6819445501326378,-0.2782369065083409,mango
263,-0.705155962612056,1.6900967498040322,2.2366818406514164,-1.0896716249687233,-2.017984556973082,-0.34181500831148215,-0.36665068419469,chickpea
264,1.1162859173517956,0.03861699107013841,-1.0147740929785594,-0.34249690356748375,0.6964253533575038,1.4609827706678256,-0.7506721899270978,cotton
265,-0.705155962612056,0.9002586043226048,2.141050783779946,-1.3115505451567953,-1.8200518245294461,2.7288522166855382,-0.3711990731284451,chickpea
266,-0.7319418726115244,1.6182932820329934,1.8541576131655368,-1.027934265713621,-2.0226122229373966,-0.22968424062673196,-0.39052511462279643,chickpea
267,0.4466381673650855,-0.46400728332713365,-0.15409458113533053,-0.060505375727481846,0.521852590067028,0.23154049534507615,0.743336266225661,jute
268,-1.3212318925998294,-0.8948280899533668,-0.8713275076713546,0.5188298340097204,0.6149621610494517,0.3036782804754328,-1.1336976925658668,mungbean
269,1.009142277353922,-0.46400728332713365,0.08498306104334415,-0.3890216596693581,0.2598093909994152,-0.7392722595806863,1.0973208076130658,jute
270,0.5002099873640223,0.254027394383255,0.2762451747862839,-0.4668377116824527,0.6830827398282276,0.570223548947625,0.7370039520687762,jute
271,0.5269958973634907,0.756651668780527,0.2762451747862839,0.3732646121714578,0.6112743559648097,-1.981798360541162,2.496610778402754,rice
272,-1.5355191725955766,-1.3256488965796,-0.44098775174974014,0.4985865660401499,-0.6384611186546904,-0.7874277510723223,-0.3448354604398279,mango
273,-1.5087332625961083,-1.6846662354347943,-0.20191010957106548,0.869344491045937,-0.42066990602545057,-0.25471685878701944,-0.3265092893813812,mango
274,1.5716463873427586,0.254027394383255,-1.1104051498500294,-0.5384693523131022,0.5253577008224642,-0.7968848448405639,-0.25223553651586256,cotton
275,-0.5444405026152456,-2.0436835742899886,-0.34535669487827025,2.25431836883073,-0.6469617705744285,-1.0367319334007055,-0.38772781459691613,mango
276,0.8752127273565801,0.6130447332384493,-0.05846352426386066,-0.42510887267516223,0.5986924821035097,-0.3931049608578833,2.274352975186885,rice
277,0.8216409073576432,0.39763432992533276,0.2762451747862839,-0.080293109031568,0.25634733492503575,0.8176224355315599,0.49936077686267927,jute
278,0.23235088736933826,-0.32040034778505594,-0.010647995828125725,-0.002254248593902042,0.2154120344712806,0.7917549974371741,1.1782955021748198,jute
279,-0.6247982326136508,0.32583086215429385,-0.9191430361070895,0.44560946347444086,0.9677585151036121,0.03116839258613825,-1.1794652770518588,mungbean
280,-1.5087332625961083,-0.6076142188692114,-1.1104051498500294,0.6745670645192849,0.6913944521791533,-0.24739563576978768,-0.998446823833397,mungbean
281,0.20556497736986987,-0.033186476700900455,-0.1062790526995956,-0.08799843473144256,0.35620427931855414,-0.12837702438678775,0.8762728277736839,jute
282,1.7055759373401007,0.03861699107013841,-1.0625896214142942,-0.13543250410648194,0.40346463443545666,-0.46386281824624803,-0.8166945632950088,cotton
283,-0.11586594262375104,1.0438655398646826,1.9976041984727415,-1.8334623329275974,-1.9408058032133717,1.032618808156218,-0.5543204479937154,chickpea
284,0.5537818073629591,-0.3922038155560948,-0.05846352426386066,-0.08359209704628422,0.6885683382137109,-0.10893266652073927,2.662910998274744,rice
285,1.1430718273512641,0.756651668780527,-0.9669585645428245,0.10502579913825102,0.6308289743596246,-0.02761723925298241,-0.5671449848002368,cotton
286,-0.9998009726062085,0.254027394383255,-1.1104051498500294,0.980914656718632,0.9397735311364491,0.006546998215660364,-1.0180501068683188,mungbean
287,0.6609254473608328,-0.46400728332713365,0.22842964635054896,-0.9889861003966094,0.6821648075228768,-0.5316719847480607,1.7326253720837348,rice
288,-1.3748037125987662,-1.397452364350639,-0.15409458113533053,1.136371415647776,-0.7381576094959519,-2.538343374479406,-0.2986167287402798,mango
289,-0.9998009726062085,-0.24859688001401706,-0.9669585645428245,0.4368484910907735,0.8491851368321793,0.5755124937275304,-0.9858130576045083,mungbean
290,1.1430718273512641,-0.7512211544112891,-0.9669585645428245,-0.5455698120784,0.68252054361999,1.219790977339672,-0.35395679249993434,cotton
291,-0.6515841426131191,0.9002586043226048,-0.6322498654926799,1.080278459856706,0.7807193256555462,0.15180476781603072,-1.130021372121857,mungbean
292,-0.008722302625877405,1.1156690076357214,2.0454197269084764,-1.2826317141466788,-2.007792887424835,-0.20062275109321598,-0.5616499306712466,chickpea
293,0.9019986373560485,-0.8948280899533668,0.08498306104334415,-0.7219555001596107,0.5892905431454355,-0.40080646285158783,1.2411619318021987,rice
294,-0.6783700526125875,0.9002586043226048,-1.1104051498500294,0.8830018549947848,0.6422969697917524,-0.20652104319408154,-0.895859778376661,mungbean
295,1.919863217335848,0.8284551365515659,-0.9191430361070895,-0.036247337785141935,0.6752078693849343,-0.194413473810471,-0.3451561649657218,cotton
296,-1.3212318925998294,0.6848482010094882,-0.6800653939284148,1.105910825132047,0.9606004045144881,0.6218647867212496,-1.0970342576081014,mungbean
297,-0.705155962612056,1.8337036853461102,2.0454197269084764,-1.1315916633601155,-1.9798779389350178,-0.8672343132428124,-0.3574607197957671,chickpea
298,-1.3480178025992977,0.4694377976963716,-0.8713275076713546,0.7366209739297164,0.6067599423934691,0.4561233067782837,-1.1595081270646044,mungbean
299,1.0627140973528588,-0.033186476700900455,-0.05846352426386066,-0.4128100410184764,0.6289144972067789,0.8882043325145627,1.597931998532834,rice
300,2.160936407331064,-0.8948280899533668,-1.1104051498500294,0.005436374565331052,0.713211737542198,-0.9820695039080732,-0.44867896719113304,cotton
301,-0.14265185262321944,1.2592759431777991,1.8063420847298017,-1.1930674861250181,-1.9396413250084947,2.5904514599193162,-0.5858692829900883,chickpea
302,0.9555704573549852,0.18222392661221615,-0.05846352426386066,0.10430007092567332,0.602450466302447,0.3469922956957354,1.3825416548017733,rice
303,-0.4908686826163087,1.761900217575071,1.8541576131655368,-1.9434546913278044,-1.9171410107328177,1.0281254012115413,-0.4189694506249717,chickpea
304,1.4377168373454166,0.4694377976963716,-1.1104051498500294,0.0560584543155468,0.6381645656128051,-0.6311068011209787,-0.5925988234911173,cotton
305,0.09842133737199622,-0.3922038155560948,-0.1062790526995956,-0.5792860460781653,0.6579798352138863,-0.3088610180482996,1.9649775994681813,rice
306,-0.8122996026099296,-0.8948280899533668,-0.7756964507998847,1.020133783413679,0.8426213278815633,0.6110294617884872,-0.8458299500323719,mungbean
307,1.5716463873427586,-0.32040034778505594,-0.6322498654926799,-0.1273061937636908,0.5173057774604117,1.4761398924683946,-0.7053354923833611,cotton
308,-0.30336731262002986,2.264524491972343,1.9019731416012717,-1.834685937890386,-2.0053201100676277,-0.08135945145811113,-0.7678172544449648,chickpea
309,-0.8122996026099296,1.905507153117149,2.0454197269084764,-1.7093757171420534,-1.8648670775285328,2.633289333205755,-0.5166918227607368,chickpea
310,-0.008722302625877405,1.331079410948838,1.9497886700370066,-1.0029207911368012,-1.8243075345007647,2.588212932304436,-0.3445254619163908,chickpea
311,0.018063607373591,0.5412412654674105,1.9497886700370066,-1.1513992868034035,-1.9208157670139048,2.648904581566474,-0.5126899311283977,chickpea
312,0.8484268173571117,0.18222392661221615,0.2762451747862839,0.40066976401188553,0.3184493328080523,-0.532456460644984,0.8152282597302082,jute
313,-0.43729686261737194,1.0438655398646826,1.7585265562940668,-1.669941455592164,-1.8413395734819256,0.42618791272380074,-0.5187117863958508,chickpea
314,-0.7855136926104612,2.1209175564302654,1.7585265562940668,-1.8300273843295236,-1.9768029789003834,1.3985813853347535,-0.6512595089531534,chickpea
315,0.8752127273565801,-0.6794176866402503,-0.1062790526995956,0.30750151765416744,0.4643321835300785,0.77657950195586,0.612554381255951,jute
316,-0.43729686261737194,2.264524491972343,2.2366818406514164,-1.8963260622579123,-1.963354875704522,-0.689294886981356,-0.5972131300480832,chickpea
317,1.1698577373507326,-0.10498994447193932,-0.9191430361070895,-0.5817919903311539,0.6790362732801657,-0.05438062344827427,-0.5239888178580682,cotton
318,-0.6515841426131191,-0.6794176866402503,-0.34535669487827025,2.4058742456007116,-0.7857531780366985,-0.2784300980293425,-0.2870271487929963,mango
319,0.9287845473555169,-0.32040034778505594,-0.010647995828125725,-0.3817792625625629,0.8192533170376903,0.3967667095181338,0.4991472834352224,jute
320,-0.6515841426131191,-0.9666315577244057,-0.15409458113533053,0.4854854197740592,-0.7229573072448884,-0.31810315671759476,-0.3191451862285009,mango
321,-0.5980123226141824,0.5412412654674105,-0.8713275076713546,0.4239575527643101,0.7480174779696883,-0.04809644986698514,-0.9139392117185228,mungbean
322,0.33949452736721186,0.32583086215429385,0.22842964635054896,0.2961732930345331,0.33724819411470036,0.07453499157909341,0.9459067506354036,jute
323,-1.4551614425971715,-0.5358107510981726,-0.8235119792356196,0.8464014299485559,0.5942830940496024,0.06532401296057254,-1.0775998261925928,mungbean
324,-1.026586882605677,-0.5358107510981726,-1.1104051498500294,1.0303048370359993,0.8957074496890172,0.6653861249741045,-1.0665265493125458,mungbean
325,0.9823563673544536,0.6848482010094882,0.13279858947907908,-0.4683967094666952,0.32505380051209354,-0.30303595858717924,1.0131253386752372,jute
326,1.1162859173517956,0.32583086215429385,-0.9191430361070895,-0.4185267106453593,0.6730392913455624,1.5567645139069344,-0.3452885040397832,cotton
327,-0.035508212625345814,0.756651668780527,1.8541576131655368,-1.540222657651758,-1.893579330984532,1.652314847777874,-0.5283598273128436,chickpea
328,0.09842133737199622,0.11042045884117728,-0.05846352426386066,-0.23895022050733583,0.6890675039168359,1.0195818131209877,0.7358207236472992,jute
329,-0.5176545926157772,1.6900967498040322,2.1888663122156813,-1.171695862147118,-1.9406159408859736,1.8572065607406343,-0.5086885000108943,chickpea
330,0.31270861736774347,-0.32040034778505594,0.08498306104334415,-0.20620002921624153,0.9245478091022279,-0.6293749171173907,0.7801786050945156,jute
331,1.785933667338506,0.9002586043226048,-1.0147740929785594,-0.25638862811193475,0.7548742944268848,0.14150907606357185,-0.5408668894486521,cotton
332,1.4912886573443533,-0.5358107510981726,-0.7278809223641498,0.0737075011722156,0.6211603348242463,0.10131550994069971,-0.3166406657280711,cotton
333,-0.5444405026152456,0.9002586043226048,1.8063420847298017,-1.5582223899628207,-1.8846975556314376,2.7788228991987975,-0.5770871540421109,chickpea
334,0.9287845473555169,0.39763432992533276,-0.010647995828125725,0.4038723276272426,0.6519225589987083,0.5003836589824636,2.589531205470399,rice
335,2.0002209473342534,0.18222392661221615,-0.6322498654926799,0.11755898749167872,0.6235335060900901,1.1337924670325479,-0.2495914276281646,cotton
336,0.6877113573603012,-0.6794176866402503,0.22842964635054896,0.31956876059726336,0.33164133844507865,0.7439927143616316,0.6343961102145478,jute
337,-0.8122996026099296,1.761900217575071,2.1888663122156813,-1.539479191122497,-1.8303510187989123,-0.24331130657103425,-0.6715698714377528,chickpea
338,1.5448604773432901,0.6130447332384493,-1.0147740929785594,-0.12162390116042866,0.486332494418271,1.652433367641062,-0.4681108549096347,cotton
339,-1.4551614425971715,-0.46400728332713365,-0.8713275076713546,0.6923440784600234,0.7265520172678124,-0.03290725768788174,-1.179596279382631,mungbean
340,0.7144972673597696,0.756651668780527,0.13279858947907908,-0.8188484636118338,0.588830424138069,0.4610384246404993,1.6365923380434995,rice
341,-1.3212318925998294,-1.3256488965796,-0.20191010957106548,0.9856146067946333,-0.7736312213787861,-1.198409091098001,-0.23647170096094847,mango
342,-0.5980123226141824,1.2592759431777991,1.9976041984727415,-1.6443285775817642,-1.9293836101619681,-0.7886111872893965,-0.6225362931147408,chickpea
343,0.04484951737305941,0.03861699107013841,0.03716753260760921,-0.22362959965545445,0.5880632441533062,0.46635948411252887,1.702540880047642,rice
344,-1.2676600726008926,-0.823024622182328,-0.34535669487827025,0.6386489733881345,-0.5404798726031487,-0.25133044964791756,-0.24471599710334618,mango
345,0.7680690873587064,0.03861699107013841,-0.010647995828125725,-0.3341351274388123,0.6133868598009307,0.6177431467453549,1.0956537900494547,jute
346,-0.9194432426078033,-1.0384350254954446,-0.15409458113533053,0.9569662039466197,-0.4200733501177891,-1.685296970649033,-0.23727311138243,mango
347,0.6073536273618959,-0.46400728332713365,-0.010647995828125725,-0.6036663373996272,0.7237264841812742,1.0763436635372483,1.2534418843639235,rice
348,2.0002209473342534,-0.033186476700900455,-0.7278809223641498,-0.08018576436991397,0.40292256481071775,0.19421782190308043,-0.4009704838410775,cotton
349,-0.6783700526125875,-0.7512211544112891,-0.9191430361070895,0.640107134114946,0.8355328412479455,0.6447417576081174,-1.0897763172647157,mungbean
350,-1.1873023426024873,0.6848482010094882,-1.1104051498500294,1.101970648513443,0.7007453268166768,-0.06396124198322899,-1.139819393075849,mungbean
351,1.1162859173517956,-0.5358107510981726,-0.8713275076713546,-0.6574622202827325,0.42806406225971205,0.9598162140810693,-0.4442909868567388,cotton
352,0.8752127273565801,-0.8948280899533668,0.03716753260760921,-0.33931958357928954,0.5927294151081888,0.37590998256350167,1.333040249816759,rice
353,-1.1873023426024873,-2.1154870420610274,-0.15409458113533053,1.3901065301852038,-0.7287936710184982,-2.3838302556953455,-0.37557609696055455,mango
354,-1.428375532597703,-2.0436835742899886,-0.6322498654926799,0.5036796455587619,-0.43523346686554293,-0.2945314854699556,-0.3039643687066239,mango
355,-1.3480178025992977,0.18222392661221615,-0.8235119792356196,0.806547863978399,0.9368497673911572,-0.576117956454241,-0.9853416587524443,mungbean
356,-0.5444405026152456,-2.330897445374144,-0.53661880862121,2.019236446284244,-0.6701006729653307,0.13146149483850864,-0.3637023028553827,mango
357,0.6877113573603012,-0.7512211544112891,0.18061411791481402,0.06422493833160532,0.6210734328868973,0.021672830822990596,0.7922648214166497,jute
358,-1.5087332625961083,-0.6794176866402503,-0.2497256380068004,1.697104517850204,-0.48297898921623156,-2.5101247269059797,-0.39418588279316585,mango
359,1.464502747344885,-0.6794176866402503,-0.6322498654926799,-0.7642495883426286,0.55531773795723,0.9043889687324871,-0.3911211003011229,cotton
360,0.23235088736933826,0.5412412654674105,0.2762451747862839,0.2507958043327223,0.3841282986993779,0.7316690364596179,0.9759307788894628,jute
361,-1.4015896225982345,0.03861699107013841,-0.6800653939284148,0.8082468036916266,0.7587678406465141,0.14785526081737743,-1.01534714823313,mungbean
362,0.8484268173571117,-0.24859688001401706,-0.010647995828125725,-0.32956162300408565,0.7298647617437354,1.0118411822268247,1.8530940541045313,rice
363,0.07163542737252782,-0.46400728332713365,-0.15409458113533053,-0.06018285355371059,0.5554312811853508,0.21398397620099752,1.1766970513110326,jute
364,1.330573197347543,-0.10498994447193932,-1.0147740929785594,-0.21895965897212555,0.7691500210647503,0.32698156962715097,-0.7691400008517969,cotton
365,-1.5087332625961083,-0.6794176866402503,-0.9669585645428245,0.547574862694223,0.9690701788426739,-0.0684518343818565,-1.0599589518153505,mungbean
366,-0.4908686826163087,0.756651668780527,1.7585265562940668,-1.5721176298335628,-2.0045504562034995,0.6256313735486211,-0.4032132186254456,chickpea
367,-0.16943776262268784,1.8337036853461102,1.9497886700370066,-1.8883058429268718,-1.847466096951849,1.4767603979514545,-0.3378265474380158,chickpea
368,1.2234295573496694,-0.033186476700900455,-0.9669585645428245,-0.29862565034094635,0.4565626789011243,1.2148012695757366,-0.38615090776023325,cotton
369,-0.8122996026099296,2.0491140886592265,2.0932352553442115,-1.1042832060817855,-2.025188124106307,-0.024728479332393638,-0.4902920962724835,chickpea
370,-0.3569391326189667,0.9720620720936437,1.9019731416012717,-1.3601144493256827,-1.9537906309502195,-0.2336810276942998,-0.5234977529089835,chickpea
371,-1.2676600726008926,-0.823024622182328,-0.2497256380068004,2.5509897531216232,-0.5227470119295196,-0.8803492508194152,-0.3174579753721527,mango
372,0.018063607373591,1.0438655398646826,2.141050783779946,-1.5757313384804972,-1.8288430425233142,1.81108322973878,-0.6511889982377295,chickpea
373,1.7323618473395692,-0.6076142188692114,-0.6800653939284148,-0.05170732232295387,0.5041470318889715,0.9864835365408654,-0.4559879477303281,cotton
374,-1.2408741626014241,-2.0436835742899886,-0.34535669487827025,0.48060396536453137,-0.5055187941564199,-1.4018947718156278,-0.3695259737624122,mango
375,-0.9998009726062085,-1.5410592998927166,-0.53661880862121,0.4212207283824591,-0.7028887404119504,-1.2336517757588776,-0.3103160532129599,mango
376,-0.24979549262109307,1.6900967498040322,1.8063420847298017,-1.306913654381879,-1.891413676332996,-0.07708583485815995,-0.46320472944866253,chickpea
377,0.7680690873587064,-0.24859688001401706,0.22842964635054896,-0.32014156491999124,0.8449619873393196,0.056681757495399006,0.9051744247927059,jute
378,1.330573197347543,-0.823024622182328,-0.9191430361070895,-0.5790116199814932,0.4777474639023082,0.7148546838623084,-0.7752476177047781,cotton
379,-0.6515841426131191,-2.259093977603105,-0.6322498654926799,1.148496497115516,-0.5728972728323791,-0.7174508396868693,-0.3662072176362905,mango
380,0.8216409073576432,-0.033186476700900455,-0.010647995828125725,0.07084671949010637,0.26946036200289736,-0.8501013180751803,0.5237280203803818,jute
381,-0.6515841426131191,-0.033186476700900455,-0.9191430361070895,0.49482170371055867,0.7917624572354257,-0.13314473119087955,-0.9458526035948297,mungbean
382,0.47342407736455394,-0.24859688001401706,0.32406070322201885,0.06214433924293524,0.7535465789619232,0.08481765386982891,0.7752383525669457,jute
383,1.464502747344885,-0.46400728332713365,-0.8713275076713546,-0.053089453567356996,0.5975362517459594,0.7380378806514268,-0.30324867372988207,cotton
384,0.04484951737305941,0.9720620720936437,1.9019731416012717,-1.0696421623689376,-1.804454406868931,-0.45174957039253305,-0.33732455754099216,chickpea
385,0.6877113573603012,0.18222392661221615,0.2762451747862839,0.0616588662802353,0.631830158720165,-0.9351586786207274,0.9816818694434511,rice
386,1.0895000073523273,0.5412412654674105,-0.15409458113533053,-0.8298991600029942,0.5856389701845869,-0.21809716095230702,2.400253370155543,rice
387,-0.8658714226088664,-1.1102384932664835,-0.29754116644253537,1.348201009486263,-0.6136840922495448,0.1724806269516716,-0.39531491171440547,mango
388,-0.839085512609398,1.0438655398646826,1.8541576131655368,-1.6656169795867897,-2.0072764160412824,-0.12349682943223428,-0.6923815977930675,chickpea
389,1.9734350373347849,0.32583086215429385,-0.9191430361070895,-0.25161062233298115,0.4473201567768278,-0.3004014915729215,-0.8149611702724939,cotton
390,0.23235088736933826,0.9002586043226048,-0.010647995828125725,-0.1012420681439023,0.518029932045479,0.6180939926349845,0.6784893697756335,jute
391,1.2502154673491377,0.9002586043226048,-0.7278809223641498,-0.4009843970294087,0.46606283348157834,-0.5903891305660346,-0.43402001017118086,cotton
392,-0.9730150626067401,0.9002586043226048,2.2366818406514164,-1.513491583173926,-2.006088811891808,1.4408772628934623,-0.32623145962018074,chickpea
393,0.3662804373666803,-0.46400728332713365,-0.1062790526995956,-0.26708092045184884,0.5988265875743063,-0.6155913849492618,0.8954354380005171,jute
394,0.018063607373591,1.5464898142619545,1.9976041984727415,-1.4565948268783873,-1.8823619729286807,1.8882689443605452,-0.7039266249393762,chickpea
395,-0.7319418726115244,-0.7512211544112891,-0.8235119792356196,0.4771715501345994,0.8295943199475673,0.04995297553128181,-1.1816150964935765,mungbean
396,-0.9462291526072717,1.761900217575071,2.1888663122156813,-1.4705210217113893,-1.9114833954270842,0.31183458677610026,-0.5473338771058035,chickpea
397,0.8216409073576432,-0.5358107510981726,0.22842964635054896,0.24162540268785523,0.29808785739205285,0.5698647190150788,1.090576850645995,jute
398,1.652004117341164,0.9002586043226048,-1.1104051498500294,-0.6889197492231767,0.7289716501407102,0.7779196943342546,-0.7641882993062387,cotton
399,-1.1605164326030188,-0.823024622182328,-0.53661880862121,0.6074835045877076,-0.4538542238942709,-1.3043974810946102,-0.3823500589845734,mango
400,0.17877906737040145,0.9002586043226048,0.22842964635054896,-0.7710883646871137,0.6513318027791236,-1.2860905670030522,1.647132732280345,rice
401,-0.035508212625345814,1.4746863464909157,2.0454197269084764,-1.9090583889882116,-1.9046384474180125,1.7815820329055516,-0.6536175245621492,chickpea
402,0.3662804373666803,0.254027394383255,0.08498306104334415,-0.47844972804038016,0.3427057607404284,0.9475030676203757,1.2320587888873635,jute
403,-0.9730150626067401,0.6130447332384493,-1.0147740929785594,1.102724054187683,0.8661315796664428,0.27452073553693224,-1.0708803376855567,mungbean
404,1.1162859173517956,0.6130447332384493,0.08498306104334415,0.2756879971683407,0.7072521399925381,0.9614237516173657,0.8848860165417026,jute
405,-1.4551614425971715,-0.5358107510981726,-0.5844343370569449,0.5585377751539772,-0.6675173355176438,0.05834871069390698,-0.31041457361949987,mango
406,-1.0533727926051453,-0.6076142188692114,-1.0147740929785594,0.9610026461847286,0.6474438089387732,0.27373137754843246,-1.0750164006277763,mungbean
407,-0.4908686826163087,0.756651668780527,-1.1104051498500294,1.004441643768464,0.8772619665384819,0.3854570645731284,-1.0946658220695367,mungbean
408,-0.30336731262002986,2.336327959743382,1.8541576131655368,-1.9061297751299604,-1.9392877466311795,1.1232248215087688,-0.6526659644246404,chickpea
409,1.2502154673491377,0.6130447332384493,-1.1104051498500294,0.17585648071288748,0.6544918493066852,0.7575847801660109,-0.6334428637731894,cotton
410,0.8752127273565801,0.18222392661221615,0.08498306104334415,-1.0429628169460907,0.7397696634852904,-0.2678628538600829,1.6897090910999304,rice
411,-1.026586882605677,0.9002586043226048,1.9019731416012717,-1.6715464568772018,-2.0076660045580135,-0.3990959721834146,-0.3858546642523114,chickpea
412,0.31270861736774347,-0.823024622182328,0.18061411791481402,-0.8021156594656014,0.6050230076329552,0.3447007145841443,1.2753292331664348,rice
413,0.6341395373613644,-0.8948280899533668,0.2762451747862839,0.4125490566332945,0.5053719294137516,-0.5506856183122539,0.7909296305415305,jute
414,0.8216409073576432,0.32583086215429385,0.18061411791481402,-0.505109858730874,0.6336130565131971,-0.6743610259127066,1.1901156722000372,jute
415,-1.0533727926051453,-0.6794176866402503,-0.5844343370569449,1.4832356313839403,-0.6592037701313589,-2.719884832214975,-0.3501900828470129,mango
416,-0.9462291526072717,-1.7564697032058332,-0.53661880862121,2.2509752471257545,-0.5544273397448671,-1.915370001722638,-0.2885644287299586,mango
417,-0.7587277826109928,1.9773106208881879,2.0454197269084764,-1.3763705892364175,-1.9244174014038504,-0.33617379960704674,-0.717487141701588,chickpea
418,-1.3212318925998294,-0.6794176866402503,-0.6322498654926799,2.218148765668907,-0.5974323509074709,-1.4889487938666193,-0.24400893268663484,mango
419,2.0002209473342534,0.6848482010094882,-0.9191430361070895,-0.3989384380175526,0.4171937346356005,1.6118180640124955,-0.48484456462513925,cotton
420,0.8484268173571117,-0.10498994447193932,0.18061411791481402,-0.29546254944428196,0.6335823114791601,1.0494439011017749,1.9852931027808032,rice
421,1.0895000073523273,0.6848482010094882,-0.15409458113533053,0.3630139908827863,0.6227689479742774,-0.9034736320789474,2.3159688316353484,rice
422,-0.7855136926104612,1.9773106208881879,1.7585265562940668,-1.3274886940442607,-1.8488355146155153,0.4948357721675269,-0.42034864686293827,chickpea
423,0.6341395373613644,-0.5358107510981726,0.32406070322201885,0.23399618230554423,0.6436387862108179,-0.00800574571660163,0.9440077803521907,jute
424,-0.46408277261684033,1.5464898142619545,2.0932352553442115,-1.232777308929053,-1.9312145503598892,0.052708782019189715,-0.7102989052051962,chickpea
425,1.7055759373401007,-0.5358107510981726,-1.0147740929785594,-0.06193162407320368,0.6282863506668401,0.22866124258881523,-0.545652306142198,cotton
426,0.04484951737305941,0.5412412654674105,0.2762451747862839,-0.5264097497618556,0.6680135104485599,1.4765929622148124,2.191899853859009,rice
427,0.04484951737305941,0.11042045884117728,0.2762451747862839,-1.054577354822916,0.7541553618165433,-0.5433036185725292,1.836419568025744,rice
428,2.0805786773326584,-0.823024622182328,-0.6800653939284148,-0.5880232986473126,0.5924842830235965,1.1697054403302154,-0.3963152925269653,cotton
429,-0.9730150626067401,-0.6794176866402503,-0.34535669487827025,1.4948588452764475,-0.48981385533593214,-1.079796174434809,-0.2698451164243858,mango
430,-0.7587277826109928,1.2592759431777991,2.0932352553442115,-1.0691561016837872,-1.9848193808052037,0.5442235271225119,-0.5941905038640072,chickpea
431,-0.7587277826109928,-1.397452364350639,-0.3931722233140052,1.573739317152808,-0.524111718855207,-2.037593566954148,-0.271371692442669,mango
432,-0.035508212625345814,1.8337036853461102,2.2366818406514164,-1.5955307053713035,-2.006863110808698,0.8661953813038377,-0.36844198182274185,chickpea
433,0.04484951737305941,0.756651668780527,-0.05846352426386066,0.2163614564438938,0.5413174666281079,-0.7680866894519532,0.8154904555039205,jute
434,0.4198522573656171,-0.6076142188692114,-0.010647995828125725,-0.4703211544921877,0.7578857463536567,1.4029617141251636,1.7316990421757914,rice
435,1.4109309273459483,0.18222392661221615,-1.1104051498500294,-0.013635624177674185,0.588192330640439,1.5327361683188125,-0.4774200223978731,cotton
436,1.5448604773432901,0.32583086215429385,-0.9191430361070895,-0.5410298860283212,0.39304345005642294,-0.7082965546099973,-0.7385465887211193,cotton
437,0.17877906737040145,-0.7512211544112891,0.08498306104334415,-0.44237607293835063,0.7184391740328502,-1.6973800371492735,1.0673955191575533,rice
438,-1.294445982600361,-0.7512211544112891,-0.7756964507998847,0.8298706056276517,0.9373561644035264,0.5011124111723192,-0.8658130479617115,mungbean
439,1.2770013773486062,0.11042045884117728,-0.6800653939284148,-0.518252849413487,0.43651802583968946,0.3917816154320245,-0.38776524579047894,cotton
440,-0.5176545926157772,0.756651668780527,2.2366818406514164,-1.73898884980262,-1.9797680883240176,-0.8571824196723391,-0.7166802689549783,chickpea
441,-1.3748037125987662,0.9002586043226048,-0.6322498654926799,0.7227037774118032,0.6854021010523254,-0.3498491977515129,-0.9027225315010626,mungbean
442,0.7948549973581748,-0.8948280899533668,0.08498306104334415,-0.39014888052021346,0.718141629102296,-1.038235035198993,2.5987486986543513,rice
443,-0.14265185262321944,1.8337036853461102,1.8541576131655368,-1.3062941735910591,-1.873296300336388,0.8248592297638669,-0.6408391589075417,chickpea
444,0.5269958973634907,-0.8948280899533668,0.2762451747862839,0.31228480819547316,0.7611113471231499,0.50479399440419,0.9960797318172778,rice
445,0.8484268173571117,-0.6076142188692114,0.22842964635054896,-0.1844452694472285,0.6666571146812516,0.1207722642171784,1.105421832142559,jute
446,-0.5176545926157772,-2.259093977603105,-0.53661880862121,2.4439563450114443,-0.4943118586825389,-2.201741930269288,-0.3744008302065197,mango
447,-1.428375532597703,-0.17679341224297818,-0.8235119792356196,0.7434628808441872,0.8931290053942784,-0.2365488323509669,-1.096196117779563,mungbean
448,-0.6515841426131191,2.0491140886592265,1.9976041984727415,-1.0827414743722208,-1.9623643355146354,1.6604440341611244,-0.7659648488499378,chickpea
449,-1.026586882605677,-0.46400728332713365,-0.8713275076713546,0.9591599111687108,0.9515971392091378,0.5052911194562314,-0.9790081212693047,mungbean
450,0.7144972673597696,-0.7512211544112891,0.03716753260760921,-0.16539216550701735,0.6844780556691892,-0.39226583870719317,1.6071245340155544,rice
451,-0.008722302625877405,1.6182932820329934,2.1888663122156813,-1.0833570733510536,-1.9321933439754262,-0.5607662916606386,-0.6256819627901311,chickpea
452,0.8216409073576432,-0.17679341224297818,-0.1062790526995956,-0.9244062854985307,0.5949684259017589,-0.2930788467224848,1.023990555131229,rice
453,-0.11586594262375104,0.9720620720936437,1.8541576131655368,-1.5199635282855857,-1.9872749953275446,-0.5917438147546427,-0.5828182034191224,chickpea
454,0.15199315737093305,0.39763432992533276,-0.010647995828125725,0.24118789546058236,0.5172491069461882,0.22967908524850875,0.992868623192145,jute
455,-0.7319418726115244,0.39763432992533276,-1.0625896214142942,0.8333028810365181,0.8063480238101848,-0.28101152674012064,-1.014412538286306,mungbean
456,1.6252182073416954,-0.24859688001401706,-1.1104051498500294,-0.7298665287169466,0.6893411046074438,0.5292762947444394,-0.834198058535695,cotton
457,0.09842133737199622,0.8284551365515659,0.13279858947907908,-0.23718948225247194,0.3741667905460394,0.6345885454442053,1.1281147231997235,jute
458,0.5805677173624275,0.32583086215429385,0.03716753260760921,0.28282066080610513,0.4518121859342707,0.6225937313587008,1.1983239234562986,jute
459,-0.9998009726062085,-0.6076142188692114,-0.8713275076713546,0.6916986596764041,0.660041928811765,0.4948253559415404,-1.0410415018855075,mungbean
460,-0.7319418726115244,-0.823024622182328,-0.44098775174974014,2.0643891809157924,-0.5032037638039878,-0.2702036977572423,-0.2863524844378284,mango
461,0.8484268173571117,0.8284551365515659,-0.15409458113533053,-0.23091906906475826,0.9665163225821439,0.5371711546591589,0.8703378304564251,jute
462,0.12520724737146463,-0.033186476700900455,-0.15409458113533053,0.41711292052396376,0.9345180593247951,0.9607333939884668,1.1487254501600046,jute
463,0.07163542737252782,-0.46400728332713365,0.2762451747862839,-0.20286270653076136,0.6598002867489263,-0.17224254376525414,0.6433085145526206,jute
464,-0.6247982326136508,-2.1154870420610274,-0.5844343370569449,1.6041897647165793,-0.5773128855498008,-1.7656655570240827,-0.28745058786781413,mango
465,-1.026586882605677,-1.2538454288085612,-0.53661880862121,0.6124439744888653,-0.5478083069375705,-2.4370608143212436,-0.30960455407112825,mango
466,-1.0533727926051453,-0.8948280899533668,-0.6800653939284148,0.44661323891233334,0.7203234035391133,0.2650605220919164,-1.0058741099491546,mungbean
467,0.47342407736455394,0.11042045884117728,0.18061411791481402,-0.06326553600838171,0.7534387499519589,-1.858111068035723,1.1945407151970533,rice
468,-1.4551614425971715,-0.24859688001401706,-0.9191430361070895,0.647124454852071,0.7157459871612454,0.31404077053428947,-1.0931304828736665,mungbean
469,1.464502747344885,-0.6794176866402503,-0.8713275076713546,-0.7390489810418852,0.5201204064052884,-0.39151255071529883,-0.621540397335645,cotton
470,-0.8122996026099296,-0.10498994447193932,-1.0625896214142942,0.8963679171551623,0.7724819163425793,-0.012368160421505363,-1.0536451849157906,mungbean
471,0.3662804373666803,-0.5358107510981726,-0.010647995828125725,-1.1401978941103637,0.6635525895723162,1.162958426488842,1.9118830609686979,rice
472,-0.9730150626067401,2.192721024201304,1.8063420847298017,-1.7482900718292564,-1.8339219034064922,2.46599622048623,-0.6009505697710031,chickpea
473,-0.705155962612056,0.6848482010094882,-0.7756964507998847,0.8209738148515431,0.8731256924714683,0.12086138264608504,-1.073651390003069,mungbean
474,-0.035508212625345814,0.6848482010094882,1.7585265562940668,-1.9278000237284674,-1.8671724086277663,1.406744528589394,-0.4379732453003701,chickpea
475,1.196643647350201,0.254027394383255,-0.8713275076713546,-0.5743583819910147,0.7402641453576335,0.47181431618561354,-0.37301136392212525,cotton
